org_identity,id_org_clean,id_org_short
,,
29 roots youth employment services,29 Roots Youth Employment Services (ROOTS),ROOTS
abc,,
ae ze,,
aep,,
afghan women's organization,Afghan Women's Organization (AWO),AWO
albion neighbourhood services,Albion Neighbourhood Services (ANS),ANS
black coalition for aids prevention,Black Coalition for AIDS Prevention (BCAP),BCAP
blue door,Blue Door (BLUE),BLUE
boréal,Collège Boréal (BRL),BRL
ccncto,Chinese Canadian National Council Toronto Chapter (CCNCTO),CCNCTO
ccrw,Canadian Council on Rehabilitation and Work (CCRW),CCRW
centre for immigrant and community services,Centre for Immigrant and Community Services (CICS),CICS
centre for independent living in toronto (cilt),Centre for Independent Living in Toronto (CILT),CILT
centre for spanish speaking peoples,Centre for Spanish Speaking Peoples (CSSP),CSSP
centre francophone du grand toronto,Centre Francophone du Grand Toronto (CFGT),CFGT
cfso,Community Family Services of Ontario (CFSO),CFSO
cht,Covenant House Toronto (CHT),CHT
cics,Centre for Immigrant and Community Services (CICS),CICS
city of toronto,City of Toronto (COT),COT
community share food bank,Community Share Food Bank (CSFB),CSFB
"consolidated credit counseling services of canada, inc.",Consolidated Credit Counseling Services of Canada (CCCS),CCCS
covenant house,Covenant House Toronto (CHT),CHT
covenant house toronto,Covenant House Toronto (CHT),CHT
first work,First Work (FW),FW
frontline community centre,Frontline Community Centre (FCC),FCC
hope and me-mdao,Hope and Me (H+M),H+M
jane alliance neighbourhood services,Jane Alliance Neighbourhood Services (JANS),JANS
jessie's centre,Jessie's: The June Callwood Centre for Young Women (JCCYW),JCCYW
jf,Jewish Family and Child Service (JFCS),JFCS
kmc,Kababayan Multicultural Centre (KMC),KMC
lifemark,LifeMark Health (LMH),LMH
lifemark health,LifeMark Health (LMH),LMH
lifemark health vocational services,LifeMark Health (LMH),LMH
metrics,Metrics Vocational Services (MVS),MVS
metrics vocational services,Metrics Vocational Services (MVS),MVS
montage support services,Montage Support Services (MSS),MSS
newcomer women's services toronto,Newcomer Women's Services Toronto (NWS),NWS
parkdale activity recreation centre (parc),Parkdale Activity Recreation Centre (PARC),PARC
parkdale community food bank,Parkdale Community Food bank (PCFB),PCFB
pcpi,Progress Career Planning Institute (PCPI),PCPI
peach - promoting education and community health,Promoting Education and Community Health (PEACH),PEACH
ptp adult learning and employment programs,PTP Adult Learning and Employment Programs (PTP),PTP
recreational respite,Recreational Respite (RR),RR
scadding court community centre,Scadding Court Community Centre (SCCC),SCCC
sistering,Sistering (SIS),SIS
south asian women's centre,South Asian Women's Centre (SAWC),SAWC
stonegate community health centre,Stonegate Community Health Centre (SCHC),SCHC
street haven at the crossroads,Street Haven at the Crossroads (SHC),SHC
syme woolner neighborhood and family centre,Syme Woolner Neighborhood and Family Centre (SWNFC),SWNFC
test,,
the career foundation,The Career Foundation (TCF),TCF
the redwood,The Redwood Women's Shelter (TRWS),TRWS
times change women's employment service,Times Change Women's Employment Services (TCWES),TCWES
toronto business development centre,Toronto Business Development Centre (TBDC),TBDC
trinity square cafe,Trinity Square Cafe (TSC),TSC
tropicana community centre,Tropicana Community Centre (TCC),TCC
ve'ahavta,Ve'ahavta (VA),VA
vpi,VPI Working Solutions (VPI),VPI
wcg international,WCG Services (WCG),WCG
wcg services ltd,WCG Services (WCG),WCG
working skills centre,Working Skills Centre (WSC),WSC
ymca,YMCA of Greater Toronto (YMCA),YMCA
youth employment services,Youth Employment Services (YES),YES
youthlink,YouthLink (YL),YL
